rank,manual_priority_score,manual_tier,function_name,entry_point,scanner_score,scanner_label,modules,evidence,priority_reasons,file_path,copied_file
1,173,A_must_review,FUN_0af9139c,0af9139c,118,90_plus_attempted_dynamic_eye_tracked_foveation_near_certain,eye_source; weak_source_state; foveation_rendering; attempted_use; dynamic_foveation_possible,strong_eye_source_hits_3; weak_xr_or_state_hits_2; strong_foveation_hits_1; attempted_eye_tracking_permission_or_feature_enable; attempted_eye_tracking_with_foveated_rendering_path; functionality_foveated_rendering,base_scanner_score_118; module_bonus_foveation_rendering_20; sensitive_sink_foveation_bonus_12; keyword_support_eye_or_gaze_5_bonus_20; keyword_support_sdk_1_bonus_3,C:\realDesktop\manifest-evaluations\summer-26\ghidra-pipeline\il2cpp-files\PokerStarsVR\general-structure-results\90_plus_attempted_dynamic_eye_tracked_foveation_near_certain\0af9139c_FUN_0af9139c.c,C:\realDesktop\manifest-evaluations\summer-26\ghidra-pipeline\il2cpp-files\PokerStarsVR\manual-review-pack\A_must_review\001_p173_FUN_0af9139c.c
2,171,A_must_review,FUN_0af91494,0af91494,116,90_plus_attempted_dynamic_eye_tracked_foveation_near_certain,eye_source; weak_source_state; foveation_rendering; attempted_use; dynamic_foveation_possible,strong_eye_source_hits_3; weak_xr_or_state_hits_1; strong_foveation_hits_1; attempted_eye_tracking_permission_or_feature_enable; attempted_eye_tracking_with_foveated_rendering_path; functionality_foveated_rendering,base_scanner_score_116; module_bonus_foveation_rendering_20; sensitive_sink_foveation_bonus_12; keyword_support_eye_or_gaze_5_bonus_20; keyword_support_sdk_1_bonus_3,C:\realDesktop\manifest-evaluations\summer-26\ghidra-pipeline\il2cpp-files\PokerStarsVR\general-structure-results\90_plus_attempted_dynamic_eye_tracked_foveation_near_certain\0af91494_FUN_0af91494.c,C:\realDesktop\manifest-evaluations\summer-26\ghidra-pipeline\il2cpp-files\PokerStarsVR\manual-review-pack\A_must_review\002_p171_FUN_0af91494.c
3,171,A_must_review,FUN_0af91418,0af91418,116,90_plus_attempted_dynamic_eye_tracked_foveation_near_certain,eye_source; weak_source_state; foveation_rendering; attempted_use; dynamic_foveation_possible,strong_eye_source_hits_3; weak_xr_or_state_hits_1; strong_foveation_hits_1; attempted_eye_tracking_permission_or_feature_enable; attempted_eye_tracking_with_foveated_rendering_path; functionality_foveated_rendering,base_scanner_score_116; module_bonus_foveation_rendering_20; sensitive_sink_foveation_bonus_12; keyword_support_eye_or_gaze_5_bonus_20; keyword_support_sdk_1_bonus_3,C:\realDesktop\manifest-evaluations\summer-26\ghidra-pipeline\il2cpp-files\PokerStarsVR\general-structure-results\90_plus_attempted_dynamic_eye_tracked_foveation_near_certain\0af91418_FUN_0af91418.c,C:\realDesktop\manifest-evaluations\summer-26\ghidra-pipeline\il2cpp-files\PokerStarsVR\manual-review-pack\A_must_review\003_p171_FUN_0af91418.c
4,165,A_must_review,FUN_0af33f34,0af33f34,110,90_plus_attempted_dynamic_eye_tracked_foveation_near_certain,eye_source; weak_source_state; foveation_rendering; attempted_use; dynamic_foveation_possible,strong_eye_source_hits_2; weak_xr_or_state_hits_1; strong_foveation_hits_1; attempted_eye_tracking_permission_or_feature_enable; attempted_eye_tracking_with_foveated_rendering_path; functionality_foveated_rendering,base_scanner_score_110; module_bonus_foveation_rendering_20; sensitive_sink_foveation_bonus_12; keyword_support_eye_or_gaze_5_bonus_20; keyword_support_sdk_1_bonus_3,C:\realDesktop\manifest-evaluations\summer-26\ghidra-pipeline\il2cpp-files\PokerStarsVR\general-structure-results\90_plus_attempted_dynamic_eye_tracked_foveation_near_certain\0af33f34_FUN_0af33f34.c,C:\realDesktop\manifest-evaluations\summer-26\ghidra-pipeline\il2cpp-files\PokerStarsVR\manual-review-pack\A_must_review\004_p165_FUN_0af33f34.c
5,165,A_must_review,FUN_0af33e54,0af33e54,110,90_plus_attempted_dynamic_eye_tracked_foveation_near_certain,eye_source; weak_source_state; foveation_rendering; attempted_use; dynamic_foveation_possible,strong_eye_source_hits_2; weak_xr_or_state_hits_1; strong_foveation_hits_1; attempted_eye_tracking_permission_or_feature_enable; attempted_eye_tracking_with_foveated_rendering_path; functionality_foveated_rendering,base_scanner_score_110; module_bonus_foveation_rendering_20; sensitive_sink_foveation_bonus_12; keyword_support_eye_or_gaze_5_bonus_20; keyword_support_sdk_1_bonus_3,C:\realDesktop\manifest-evaluations\summer-26\ghidra-pipeline\il2cpp-files\PokerStarsVR\general-structure-results\90_plus_attempted_dynamic_eye_tracked_foveation_near_certain\0af33e54_FUN_0af33e54.c,C:\realDesktop\manifest-evaluations\summer-26\ghidra-pipeline\il2cpp-files\PokerStarsVR\manual-review-pack\A_must_review\005_p165_FUN_0af33e54.c
6,164,A_must_review,FUN_0bbccd40,0bbccd40,112,90_plus_attempted_dynamic_eye_tracked_foveation_near_certain,eye_source; weak_source_state; foveation_rendering; attempted_use; dynamic_foveation_possible,strong_eye_source_hits_2; weak_xr_or_state_hits_2; strong_foveation_hits_1; attempted_eye_tracking_permission_or_feature_enable; attempted_eye_tracking_with_foveated_rendering_path; functionality_foveated_rendering,base_scanner_score_112; module_bonus_foveation_rendering_20; sensitive_sink_foveation_bonus_12; keyword_support_eye_or_gaze_5_bonus_20,C:\realDesktop\manifest-evaluations\summer-26\ghidra-pipeline\il2cpp-files\PokerStarsVR\general-structure-results\90_plus_attempted_dynamic_eye_tracked_foveation_near_certain\0bbccd40_FUN_0bbccd40.c,C:\realDesktop\manifest-evaluations\summer-26\ghidra-pipeline\il2cpp-files\PokerStarsVR\manual-review-pack\A_must_review\006_p164_FUN_0bbccd40.c
7,163,A_must_review,FUN_0af8582c,0af8582c,74,70_high_uncertain_gaze_or_xr_structure_high,eye_source; weak_source_state; telemetry,strong_eye_source_hits_1; weak_xr_or_state_hits_2; telemetry_or_network_hits_1; functionality_data_collection_or_telemetry_hits_1,base_scanner_score_74; module_bonus_telemetry_20; evidence_bonus_telemetry_or_network_hits_12; sensitive_sink_telemetry_bonus_15; keyword_support_eye_or_gaze_5_bonus_20; keyword_support_sdk_2_bonus_6; keyword_support_collection_or_telemetry_4_bonus_16,C:\realDesktop\manifest-evaluations\summer-26\ghidra-pipeline\il2cpp-files\PokerStarsVR\general-structure-results\70_high_uncertain_gaze_or_xr_structure_high\0af8582c_FUN_0af8582c.c,C:\realDesktop\manifest-evaluations\summer-26\ghidra-pipeline\il2cpp-files\PokerStarsVR\manual-review-pack\A_must_review\007_p163_FUN_0af8582c.c
8,163,A_must_review,FUN_0af856f0,0af856f0,74,70_high_uncertain_gaze_or_xr_structure_high,eye_source; weak_source_state; telemetry,strong_eye_source_hits_1; weak_xr_or_state_hits_2; telemetry_or_network_hits_1; functionality_data_collection_or_telemetry_hits_1,base_scanner_score_74; module_bonus_telemetry_20; evidence_bonus_telemetry_or_network_hits_12; sensitive_sink_telemetry_bonus_15; keyword_support_eye_or_gaze_5_bonus_20; keyword_support_sdk_2_bonus_6; keyword_support_collection_or_telemetry_4_bonus_16,C:\realDesktop\manifest-evaluations\summer-26\ghidra-pipeline\il2cpp-files\PokerStarsVR\general-structure-results\70_high_uncertain_gaze_or_xr_structure_high\0af856f0_FUN_0af856f0.c,C:\realDesktop\manifest-evaluations\summer-26\ghidra-pipeline\il2cpp-files\PokerStarsVR\manual-review-pack\A_must_review\008_p163_FUN_0af856f0.c
9,163,A_must_review,FUN_0af855b4,0af855b4,74,70_high_uncertain_gaze_or_xr_structure_high,eye_source; weak_source_state; telemetry,strong_eye_source_hits_1; weak_xr_or_state_hits_2; telemetry_or_network_hits_1; functionality_data_collection_or_telemetry_hits_1,base_scanner_score_74; module_bonus_telemetry_20; evidence_bonus_telemetry_or_network_hits_12; sensitive_sink_telemetry_bonus_15; keyword_support_eye_or_gaze_5_bonus_20; keyword_support_sdk_2_bonus_6; keyword_support_collection_or_telemetry_4_bonus_16,C:\realDesktop\manifest-evaluations\summer-26\ghidra-pipeline\il2cpp-files\PokerStarsVR\general-structure-results\70_high_uncertain_gaze_or_xr_structure_high\0af855b4_FUN_0af855b4.c,C:\realDesktop\manifest-evaluations\summer-26\ghidra-pipeline\il2cpp-files\PokerStarsVR\manual-review-pack\A_must_review\009_p163_FUN_0af855b4.c
10,163,A_must_review,FUN_0af85478,0af85478,74,70_high_uncertain_gaze_or_xr_structure_high,eye_source; weak_source_state; telemetry,strong_eye_source_hits_1; weak_xr_or_state_hits_2; telemetry_or_network_hits_1; functionality_data_collection_or_telemetry_hits_1,base_scanner_score_74; module_bonus_telemetry_20; evidence_bonus_telemetry_or_network_hits_12; sensitive_sink_telemetry_bonus_15; keyword_support_eye_or_gaze_5_bonus_20; keyword_support_sdk_2_bonus_6; keyword_support_collection_or_telemetry_4_bonus_16,C:\realDesktop\manifest-evaluations\summer-26\ghidra-pipeline\il2cpp-files\PokerStarsVR\general-structure-results\70_high_uncertain_gaze_or_xr_structure_high\0af85478_FUN_0af85478.c,C:\realDesktop\manifest-evaluations\summer-26\ghidra-pipeline\il2cpp-files\PokerStarsVR\manual-review-pack\A_must_review\010_p163_FUN_0af85478.c
11,163,A_must_review,FUN_0af85334,0af85334,74,70_high_uncertain_gaze_or_xr_structure_high,eye_source; weak_source_state; telemetry,strong_eye_source_hits_1; weak_xr_or_state_hits_2; telemetry_or_network_hits_1; functionality_data_collection_or_telemetry_hits_1,base_scanner_score_74; module_bonus_telemetry_20; evidence_bonus_telemetry_or_network_hits_12; sensitive_sink_telemetry_bonus_15; keyword_support_eye_or_gaze_5_bonus_20; keyword_support_sdk_2_bonus_6; keyword_support_collection_or_telemetry_4_bonus_16,C:\realDesktop\manifest-evaluations\summer-26\ghidra-pipeline\il2cpp-files\PokerStarsVR\general-structure-results\70_high_uncertain_gaze_or_xr_structure_high\0af85334_FUN_0af85334.c,C:\realDesktop\manifest-evaluations\summer-26\ghidra-pipeline\il2cpp-files\PokerStarsVR\manual-review-pack\A_must_review\011_p163_FUN_0af85334.c
12,163,A_must_review,FUN_0af850a8,0af850a8,74,70_high_uncertain_gaze_or_xr_structure_high,eye_source; weak_source_state; telemetry,strong_eye_source_hits_1; weak_xr_or_state_hits_2; telemetry_or_network_hits_1; functionality_data_collection_or_telemetry_hits_1,base_scanner_score_74; module_bonus_telemetry_20; evidence_bonus_telemetry_or_network_hits_12; sensitive_sink_telemetry_bonus_15; keyword_support_eye_or_gaze_5_bonus_20; keyword_support_sdk_2_bonus_6; keyword_support_collection_or_telemetry_4_bonus_16,C:\realDesktop\manifest-evaluations\summer-26\ghidra-pipeline\il2cpp-files\PokerStarsVR\general-structure-results\70_high_uncertain_gaze_or_xr_structure_high\0af850a8_FUN_0af850a8.c,C:\realDesktop\manifest-evaluations\summer-26\ghidra-pipeline\il2cpp-files\PokerStarsVR\manual-review-pack\A_must_review\012_p163_FUN_0af850a8.c
13,162,A_must_review,FUN_0bbccdb0,0bbccdb0,110,90_plus_attempted_dynamic_eye_tracked_foveation_near_certain,eye_source; weak_source_state; foveation_rendering; attempted_use; dynamic_foveation_possible,strong_eye_source_hits_2; weak_xr_or_state_hits_1; strong_foveation_hits_1; attempted_eye_tracking_permission_or_feature_enable; attempted_eye_tracking_with_foveated_rendering_path; functionality_foveated_rendering,base_scanner_score_110; module_bonus_foveation_rendering_20; sensitive_sink_foveation_bonus_12; keyword_support_eye_or_gaze_5_bonus_20,C:\realDesktop\manifest-evaluations\summer-26\ghidra-pipeline\il2cpp-files\PokerStarsVR\general-structure-results\90_plus_attempted_dynamic_eye_tracked_foveation_near_certain\0bbccdb0_FUN_0bbccdb0.c,C:\realDesktop\manifest-evaluations\summer-26\ghidra-pipeline\il2cpp-files\PokerStarsVR\manual-review-pack\A_must_review\013_p162_FUN_0bbccdb0.c
14,162,A_must_review,FUN_0bbcccd0,0bbcccd0,110,90_plus_attempted_dynamic_eye_tracked_foveation_near_certain,eye_source; weak_source_state; foveation_rendering; attempted_use; dynamic_foveation_possible,strong_eye_source_hits_2; weak_xr_or_state_hits_1; strong_foveation_hits_1; attempted_eye_tracking_permission_or_feature_enable; attempted_eye_tracking_with_foveated_rendering_path; functionality_foveated_rendering,base_scanner_score_110; module_bonus_foveation_rendering_20; sensitive_sink_foveation_bonus_12; keyword_support_eye_or_gaze_5_bonus_20,C:\realDesktop\manifest-evaluations\summer-26\ghidra-pipeline\il2cpp-files\PokerStarsVR\general-structure-results\90_plus_attempted_dynamic_eye_tracked_foveation_near_certain\0bbcccd0_FUN_0bbcccd0.c,C:\realDesktop\manifest-evaluations\summer-26\ghidra-pipeline\il2cpp-files\PokerStarsVR\manual-review-pack\A_must_review\014_p162_FUN_0bbcccd0.c
15,162,A_must_review,FUN_0af94844,0af94844,76,70_high_uncertain_gaze_or_xr_structure_high,eye_source; weak_source_state; telemetry,strong_eye_source_hits_1; weak_xr_or_state_hits_3; telemetry_or_network_hits_1; functionality_data_collection_or_telemetry_hits_1,base_scanner_score_76; module_bonus_telemetry_20; evidence_bonus_telemetry_or_network_hits_12; sensitive_sink_telemetry_bonus_15; keyword_support_eye_or_gaze_5_bonus_20; keyword_support_sdk_1_bonus_3; keyword_support_collection_or_telemetry_4_bonus_16,C:\realDesktop\manifest-evaluations\summer-26\ghidra-pipeline\il2cpp-files\PokerStarsVR\general-structure-results\70_high_uncertain_gaze_or_xr_structure_high\0af94844_FUN_0af94844.c,C:\realDesktop\manifest-evaluations\summer-26\ghidra-pipeline\il2cpp-files\PokerStarsVR\manual-review-pack\A_must_review\015_p162_FUN_0af94844.c
16,160,A_must_review,FUN_0af948c0,0af948c0,74,70_high_uncertain_gaze_or_xr_structure_high,eye_source; weak_source_state; telemetry,strong_eye_source_hits_1; weak_xr_or_state_hits_2; telemetry_or_network_hits_1; functionality_data_collection_or_telemetry_hits_1,base_scanner_score_74; module_bonus_telemetry_20; evidence_bonus_telemetry_or_network_hits_12; sensitive_sink_telemetry_bonus_15; keyword_support_eye_or_gaze_5_bonus_20; keyword_support_sdk_1_bonus_3; keyword_support_collection_or_telemetry_4_bonus_16,C:\realDesktop\manifest-evaluations\summer-26\ghidra-pipeline\il2cpp-files\PokerStarsVR\general-structure-results\70_high_uncertain_gaze_or_xr_structure_high\0af948c0_FUN_0af948c0.c,C:\realDesktop\manifest-evaluations\summer-26\ghidra-pipeline\il2cpp-files\PokerStarsVR\manual-review-pack\A_must_review\016_p160_FUN_0af948c0.c
17,158,B_high_priority,FUN_0af946d0,0af946d0,72,70_high_uncertain_gaze_or_xr_structure_high,eye_source; weak_source_state; telemetry,strong_eye_source_hits_1; weak_xr_or_state_hits_1; telemetry_or_network_hits_1; functionality_data_collection_or_telemetry_hits_1,base_scanner_score_72; module_bonus_telemetry_20; evidence_bonus_telemetry_or_network_hits_12; sensitive_sink_telemetry_bonus_15; keyword_support_eye_or_gaze_5_bonus_20; keyword_support_sdk_1_bonus_3; keyword_support_collection_or_telemetry_4_bonus_16,C:\realDesktop\manifest-evaluations\summer-26\ghidra-pipeline\il2cpp-files\PokerStarsVR\general-structure-results\70_high_uncertain_gaze_or_xr_structure_high\0af946d0_FUN_0af946d0.c,C:\realDesktop\manifest-evaluations\summer-26\ghidra-pipeline\il2cpp-files\PokerStarsVR\manual-review-pack\B_high_priority\017_p158_FUN_0af946d0.c
18,158,B_high_priority,FUN_0af94298,0af94298,72,70_high_uncertain_gaze_or_xr_structure_high,eye_source; weak_source_state; telemetry,strong_eye_source_hits_1; weak_xr_or_state_hits_1; telemetry_or_network_hits_1; functionality_data_collection_or_telemetry_hits_1,base_scanner_score_72; module_bonus_telemetry_20; evidence_bonus_telemetry_or_network_hits_12; sensitive_sink_telemetry_bonus_15; keyword_support_eye_or_gaze_5_bonus_20; keyword_support_sdk_1_bonus_3; keyword_support_collection_or_telemetry_4_bonus_16,C:\realDesktop\manifest-evaluations\summer-26\ghidra-pipeline\il2cpp-files\PokerStarsVR\general-structure-results\70_high_uncertain_gaze_or_xr_structure_high\0af94298_FUN_0af94298.c,C:\realDesktop\manifest-evaluations\summer-26\ghidra-pipeline\il2cpp-files\PokerStarsVR\manual-review-pack\B_high_priority\018_p158_FUN_0af94298.c
19,158,B_high_priority,FUN_0af93ab8,0af93ab8,72,70_high_uncertain_gaze_or_xr_structure_high,eye_source; weak_source_state; telemetry,strong_eye_source_hits_1; weak_xr_or_state_hits_1; telemetry_or_network_hits_1; functionality_data_collection_or_telemetry_hits_1,base_scanner_score_72; module_bonus_telemetry_20; evidence_bonus_telemetry_or_network_hits_12; sensitive_sink_telemetry_bonus_15; keyword_support_eye_or_gaze_5_bonus_20; keyword_support_sdk_1_bonus_3; keyword_support_collection_or_telemetry_4_bonus_16,C:\realDesktop\manifest-evaluations\summer-26\ghidra-pipeline\il2cpp-files\PokerStarsVR\general-structure-results\70_high_uncertain_gaze_or_xr_structure_high\0af93ab8_FUN_0af93ab8.c,C:\realDesktop\manifest-evaluations\summer-26\ghidra-pipeline\il2cpp-files\PokerStarsVR\manual-review-pack\B_high_priority\019_p158_FUN_0af93ab8.c
20,158,B_high_priority,FUN_0af90a28,0af90a28,72,70_high_uncertain_gaze_or_xr_structure_high,eye_source; weak_source_state; telemetry,strong_eye_source_hits_1; weak_xr_or_state_hits_1; telemetry_or_network_hits_1; functionality_data_collection_or_telemetry_hits_1,base_scanner_score_72; module_bonus_telemetry_20; evidence_bonus_telemetry_or_network_hits_12; sensitive_sink_telemetry_bonus_15; keyword_support_eye_or_gaze_5_bonus_20; keyword_support_sdk_1_bonus_3; keyword_support_collection_or_telemetry_4_bonus_16,C:\realDesktop\manifest-evaluations\summer-26\ghidra-pipeline\il2cpp-files\PokerStarsVR\general-structure-results\70_high_uncertain_gaze_or_xr_structure_high\0af90a28_FUN_0af90a28.c,C:\realDesktop\manifest-evaluations\summer-26\ghidra-pipeline\il2cpp-files\PokerStarsVR\manual-review-pack\B_high_priority\020_p158_FUN_0af90a28.c
21,158,B_high_priority,FUN_0af8c284,0af8c284,72,70_high_uncertain_gaze_or_xr_structure_high,eye_source; weak_source_state; telemetry,strong_eye_source_hits_1; weak_xr_or_state_hits_1; telemetry_or_network_hits_1; functionality_data_collection_or_telemetry_hits_1,base_scanner_score_72; module_bonus_telemetry_20; evidence_bonus_telemetry_or_network_hits_12; sensitive_sink_telemetry_bonus_15; keyword_support_eye_or_gaze_5_bonus_20; keyword_support_sdk_1_bonus_3; keyword_support_collection_or_telemetry_4_bonus_16,C:\realDesktop\manifest-evaluations\summer-26\ghidra-pipeline\il2cpp-files\PokerStarsVR\general-structure-results\70_high_uncertain_gaze_or_xr_structure_high\0af8c284_FUN_0af8c284.c,C:\realDesktop\manifest-evaluations\summer-26\ghidra-pipeline\il2cpp-files\PokerStarsVR\manual-review-pack\B_high_priority\021_p158_FUN_0af8c284.c
22,158,B_high_priority,FUN_0af8bd24,0af8bd24,72,70_high_uncertain_gaze_or_xr_structure_high,eye_source; weak_source_state; telemetry,strong_eye_source_hits_1; weak_xr_or_state_hits_1; telemetry_or_network_hits_1; functionality_data_collection_or_telemetry_hits_1,base_scanner_score_72; module_bonus_telemetry_20; evidence_bonus_telemetry_or_network_hits_12; sensitive_sink_telemetry_bonus_15; keyword_support_eye_or_gaze_5_bonus_20; keyword_support_sdk_1_bonus_3; keyword_support_collection_or_telemetry_4_bonus_16,C:\realDesktop\manifest-evaluations\summer-26\ghidra-pipeline\il2cpp-files\PokerStarsVR\general-structure-results\70_high_uncertain_gaze_or_xr_structure_high\0af8bd24_FUN_0af8bd24.c,C:\realDesktop\manifest-evaluations\summer-26\ghidra-pipeline\il2cpp-files\PokerStarsVR\manual-review-pack\B_high_priority\022_p158_FUN_0af8bd24.c
23,153,B_high_priority,FUN_0af34dac,0af34dac,74,70_high_attempted_dynamic_eye_tracked_foveation_high,weak_source_state; foveation_rendering; keyword_support; attempted_use; dynamic_foveation_possible,weak_xr_or_state_hits_1; strong_foveation_hits_1; eye_or_gaze_keyword_boost_only; attempted_eye_tracking_permission_or_feature_enable; attempted_eye_tracking_with_foveated_rendering_path; functionality_foveated_rendering,base_scanner_score_74; module_bonus_foveation_rendering_20; module_bonus_keyword_support_12; evidence_bonus_eye_or_gaze_keyword_boost_12; sensitive_sink_foveation_bonus_12; keyword_support_eye_or_gaze_5_bonus_20; keyword_support_sdk_1_bonus_3,C:\realDesktop\manifest-evaluations\summer-26\ghidra-pipeline\il2cpp-files\PokerStarsVR\general-structure-results\70_high_attempted_dynamic_eye_tracked_foveation_high\0af34dac_FUN_0af34dac.c,C:\realDesktop\manifest-evaluations\summer-26\ghidra-pipeline\il2cpp-files\PokerStarsVR\manual-review-pack\B_high_priority\023_p153_FUN_0af34dac.c
24,153,B_high_priority,FUN_0af34c88,0af34c88,74,70_high_attempted_dynamic_eye_tracked_foveation_high,weak_source_state; foveation_rendering; keyword_support; attempted_use; dynamic_foveation_possible,weak_xr_or_state_hits_1; strong_foveation_hits_1; eye_or_gaze_keyword_boost_only; attempted_eye_tracking_permission_or_feature_enable; attempted_eye_tracking_with_foveated_rendering_path; functionality_foveated_rendering,base_scanner_score_74; module_bonus_foveation_rendering_20; module_bonus_keyword_support_12; evidence_bonus_eye_or_gaze_keyword_boost_12; sensitive_sink_foveation_bonus_12; keyword_support_eye_or_gaze_5_bonus_20; keyword_support_sdk_1_bonus_3,C:\realDesktop\manifest-evaluations\summer-26\ghidra-pipeline\il2cpp-files\PokerStarsVR\general-structure-results\70_high_attempted_dynamic_eye_tracked_foveation_high\0af34c88_FUN_0af34c88.c,C:\realDesktop\manifest-evaluations\summer-26\ghidra-pipeline\il2cpp-files\PokerStarsVR\manual-review-pack\B_high_priority\024_p153_FUN_0af34c88.c
25,153,B_high_priority,FUN_0af34ba8,0af34ba8,74,70_high_attempted_dynamic_eye_tracked_foveation_high,weak_source_state; foveation_rendering; keyword_support; attempted_use; dynamic_foveation_possible,weak_xr_or_state_hits_1; strong_foveation_hits_1; eye_or_gaze_keyword_boost_only; attempted_eye_tracking_permission_or_feature_enable; attempted_eye_tracking_with_foveated_rendering_path; functionality_foveated_rendering,base_scanner_score_74; module_bonus_foveation_rendering_20; module_bonus_keyword_support_12; evidence_bonus_eye_or_gaze_keyword_boost_12; sensitive_sink_foveation_bonus_12; keyword_support_eye_or_gaze_5_bonus_20; keyword_support_sdk_1_bonus_3,C:\realDesktop\manifest-evaluations\summer-26\ghidra-pipeline\il2cpp-files\PokerStarsVR\general-structure-results\70_high_attempted_dynamic_eye_tracked_foveation_high\0af34ba8_FUN_0af34ba8.c,C:\realDesktop\manifest-evaluations\summer-26\ghidra-pipeline\il2cpp-files\PokerStarsVR\manual-review-pack\B_high_priority\025_p153_FUN_0af34ba8.c
26,145,B_high_priority,FUN_051f6ad0,051f6ad0,70,70_high_general_structure_review_high,weak_source_state; validity_gate; telemetry,weak_xr_or_state_hits_4; validity_or_gating_hits_18; telemetry_or_network_hits_3,base_scanner_score_70; module_bonus_validity_gate_8; module_bonus_telemetry_20; evidence_bonus_telemetry_or_network_hits_12; sensitive_sink_telemetry_bonus_15; keyword_support_eye_or_gaze_1_bonus_4; keyword_support_collection_or_telemetry_4_bonus_16,C:\realDesktop\manifest-evaluations\summer-26\ghidra-pipeline\il2cpp-files\PokerStarsVR\general-structure-results\70_high_general_structure_review_high\051f6ad0_FUN_051f6ad0.c,C:\realDesktop\manifest-evaluations\summer-26\ghidra-pipeline\il2cpp-files\PokerStarsVR\manual-review-pack\B_high_priority\026_p145_FUN_051f6ad0.c
27,129,B_high_priority,FUN_0af33fd4,0af33fd4,74,70_high_uncertain_foveated_rendering_high,eye_source; weak_source_state; foveation_rendering,strong_eye_source_hits_1; weak_xr_or_state_hits_2; strong_foveation_hits_1; functionality_foveated_rendering,base_scanner_score_74; module_bonus_foveation_rendering_20; sensitive_sink_foveation_bonus_12; keyword_support_eye_or_gaze_5_bonus_20; keyword_support_sdk_1_bonus_3,C:\realDesktop\manifest-evaluations\summer-26\ghidra-pipeline\il2cpp-files\PokerStarsVR\general-structure-results\70_high_uncertain_foveated_rendering_high\0af33fd4_FUN_0af33fd4.c,C:\realDesktop\manifest-evaluations\summer-26\ghidra-pipeline\il2cpp-files\PokerStarsVR\manual-review-pack\B_high_priority\027_p129_FUN_0af33fd4.c
28,113,C_likely_review,FUN_0af91b14,0af91b14,82,70_high_attempted_eye_tracking_permission_or_feature_high,eye_source; weak_source_state; validity_gate; attempted_use,strong_eye_source_hits_2; weak_xr_or_state_hits_3; validity_or_gating_hits_1; attempted_eye_tracking_permission_or_feature_enable; functionality_eye_api_context_without_clear_sink_hits_2,base_scanner_score_82; module_bonus_validity_gate_8; keyword_support_eye_or_gaze_5_bonus_20; keyword_support_sdk_1_bonus_3,C:\realDesktop\manifest-evaluations\summer-26\ghidra-pipeline\il2cpp-files\PokerStarsVR\general-structure-results\70_high_attempted_eye_tracking_permission_or_feature_high\0af91b14_FUN_0af91b14.c,C:\realDesktop\manifest-evaluations\summer-26\ghidra-pipeline\il2cpp-files\PokerStarsVR\manual-review-pack\C_likely_review\028_p113_FUN_0af91b14.c
29,99,C_likely_review,FUN_0af916b0,0af916b0,71,70_high_attempted_eye_tracking_permission_or_feature_high,eye_source; weak_source_state; frame_behavior; attempted_use,strong_eye_source_hits_2; weak_xr_or_state_hits_1; frame_or_lifecycle_behavior; attempted_eye_tracking_permission_or_feature_enable; functionality_permission_setup,base_scanner_score_71; module_bonus_frame_behavior_5; keyword_support_eye_or_gaze_5_bonus_20; keyword_support_sdk_1_bonus_3,C:\realDesktop\manifest-evaluations\summer-26\ghidra-pipeline\il2cpp-files\PokerStarsVR\general-structure-results\70_high_attempted_eye_tracking_permission_or_feature_high\0af916b0_FUN_0af916b0.c,C:\realDesktop\manifest-evaluations\summer-26\ghidra-pipeline\il2cpp-files\PokerStarsVR\manual-review-pack\C_likely_review\029_p99_FUN_0af916b0.c
30,96,C_likely_review,FUN_0af91b90,0af91b90,73,70_high_attempted_eye_tracking_permission_or_feature_high,eye_source; weak_source_state; attempted_use,strong_eye_source_hits_3; weak_xr_or_state_hits_2; attempted_eye_tracking_permission_or_feature_enable; functionality_eye_api_context_without_clear_sink_hits_3,base_scanner_score_73; keyword_support_eye_or_gaze_5_bonus_20; keyword_support_sdk_1_bonus_3,C:\realDesktop\manifest-evaluations\summer-26\ghidra-pipeline\il2cpp-files\PokerStarsVR\general-structure-results\70_high_attempted_eye_tracking_permission_or_feature_high\0af91b90_FUN_0af91b90.c,C:\realDesktop\manifest-evaluations\summer-26\ghidra-pipeline\il2cpp-files\PokerStarsVR\manual-review-pack\C_likely_review\030_p96_FUN_0af91b90.c
