function_name,entry_point,score,label,eye_tracking_decision,use_classification,framework_context,functionality,modules,evidence,file_path
"FUN_0128c258","0128c258","70","70_high_general_structure_review_high","no","unrelated_or_generic_structure","app_or_custom_namespace","","weak_source_state;validity_gate;telemetry","weak_xr_or_state_hits_4;validity_or_gating_hits_18;telemetry_or_network_hits_3","C:\realDesktop\manifest-evaluations\summer-26\ghidra-pipeline\il2cpp-files\TruckParkingSimulatorVRDemo\general-structure-results\70_high_general_structure_review_high\0128c258_FUN_0128c258.c"
"BNG.PlayerRotation.OnAfterRotateAction$$BeginInvoke","012dcde4","71","70_high_general_structure_review_high","no","unrelated_or_generic_structure","app_or_custom_namespace","","weak_source_state;validity_gate;pose_vector;ui_interaction;structure_combo","weak_xr_or_state_hits_1;validity_or_gating_hits_2;strong_pose_or_ray_construction_hits_1;ui_or_gameplay_sink_hits_2;source_validity_pose_sink_structure","C:\realDesktop\manifest-evaluations\summer-26\ghidra-pipeline\il2cpp-files\TruckParkingSimulatorVRDemo\general-structure-results\70_high_general_structure_review_high\012dcde4_BNG.PlayerRotation.OnAfterRotateAction$$BeginInvoke.c"
"BNG.PlayerRotation.OnAfterRotateAction$$EndInvoke","012dce04","71","70_high_general_structure_review_high","no","unrelated_or_generic_structure","app_or_custom_namespace","","weak_source_state;validity_gate;pose_vector;ui_interaction;structure_combo","weak_xr_or_state_hits_1;validity_or_gating_hits_2;strong_pose_or_ray_construction_hits_1;ui_or_gameplay_sink_hits_2;source_validity_pose_sink_structure","C:\realDesktop\manifest-evaluations\summer-26\ghidra-pipeline\il2cpp-files\TruckParkingSimulatorVRDemo\general-structure-results\70_high_general_structure_review_high\012dce04_BNG.PlayerRotation.OnAfterRotateAction$$EndInvoke.c"
"MTAssets.EasyMinimapSystem.MinimapFog$$UnRevealAllFogsCloserAtThisGlobalPosition","01380f58","70","70_high_general_structure_review_high","no","unrelated_or_generic_structure","app_or_custom_namespace","","validity_gate;pose_vector;data_collection","validity_or_gating_hits_8;strong_pose_or_ray_construction_hits_2;strong_file_logging_hits_2","C:\realDesktop\manifest-evaluations\summer-26\ghidra-pipeline\il2cpp-files\TruckParkingSimulatorVRDemo\general-structure-results\70_high_general_structure_review_high\01380f58_MTAssets.EasyMinimapSystem.MinimapFog$$UnRevealAllFogsCloserAtThisGlobalPosition.c"
"System.Array$$InternalArray__set_Item<XmlTextWriter.Namespace>","0162cb48","76","70_high_general_structure_review_high","no","unrelated_or_generic_structure","framework_namespace_with_project_hint","","validity_gate;pose_vector;paired_state_refs;data_collection","validity_or_gating_hits_21;strong_pose_or_ray_construction_hits_2;paired_field_refs_with_structure_only;strong_file_logging_hits_2","C:\realDesktop\manifest-evaluations\summer-26\ghidra-pipeline\il2cpp-files\TruckParkingSimulatorVRDemo\general-structure-results\70_high_general_structure_review_high\0162cb48_System.Array$$InternalArray__set_Item_XmlTextWriter.Namespace_.c"
"UnityEngine.InputSystem.Utilities.ArrayHelpers$$LengthSafe<InputEventTrace.DeviceInfo>","0165e5d4","70","70_high_general_structure_review_high","no","unrelated_or_generic_structure","framework_namespace_with_project_hint","","validity_gate;pose_vector;paired_state_refs;ui_interaction","validity_or_gating_hits_21;strong_pose_or_ray_construction_hits_6;paired_field_refs_with_structure_only;ui_or_gameplay_sink_hits_2","C:\realDesktop\manifest-evaluations\summer-26\ghidra-pipeline\il2cpp-files\TruckParkingSimulatorVRDemo\general-structure-results\70_high_general_structure_review_high\0165e5d4_UnityEngine.InputSystem.Utilities.ArrayHelpers$$LengthSafe_InputEventTrace.DeviceInfo_.c"
"FUN_0165f040","0165f040","70","70_high_general_structure_review_high","no","unrelated_or_generic_structure","app_or_custom_namespace","","validity_gate;pose_vector;paired_state_refs;ui_interaction","validity_or_gating_hits_21;strong_pose_or_ray_construction_hits_6;paired_field_refs_with_structure_only;ui_or_gameplay_sink_hits_2","C:\realDesktop\manifest-evaluations\summer-26\ghidra-pipeline\il2cpp-files\TruckParkingSimulatorVRDemo\general-structure-results\70_high_general_structure_review_high\0165f040_FUN_0165f040.c"
"System.Array$$InternalArray__IndexOf<XmlTextWriter.Namespace>","017c06bc","76","70_high_general_structure_review_high","no","unrelated_or_generic_structure","framework_namespace_with_project_hint","","validity_gate;pose_vector;paired_state_refs;data_collection","validity_or_gating_hits_21;strong_pose_or_ray_construction_hits_2;paired_field_refs_with_structure_only;strong_file_logging_hits_2","C:\realDesktop\manifest-evaluations\summer-26\ghidra-pipeline\il2cpp-files\TruckParkingSimulatorVRDemo\general-structure-results\70_high_general_structure_review_high\017c06bc_System.Array$$InternalArray__IndexOf_XmlTextWriter.Namespace_.c"
"FUN_01a96774","01a96774","73","70_high_general_structure_review_high","no","unrelated_or_generic_structure","app_or_custom_namespace","","validity_gate;pose_vector;paired_state_refs;ui_interaction","validity_or_gating_hits_4;strong_pose_or_ray_construction_hits_6;paired_field_refs_with_structure_only;ui_or_gameplay_sink_hits_3","C:\realDesktop\manifest-evaluations\summer-26\ghidra-pipeline\il2cpp-files\TruckParkingSimulatorVRDemo\general-structure-results\70_high_general_structure_review_high\01a96774_FUN_01a96774.c"
"UnityEngine.InputSystem.XR.XRHMD$$get_leftEyePosition","024887c8","152","90_plus_possible_eye_biometrics_near_certain","yes","possible_eye_biometrics","framework_or_engine_namespace","possible_biometrics","eye_source;validity_gate;pose_vector;paired_state_refs;active_gaze_retrieval;possible_biometrics","strong_eye_source_hits_2;validity_or_gating_hits_21;strong_pose_or_ray_construction_hits_2;paired_field_refs_with_eye_source;active_gaze_state_retrieval_with_validity_and_pose;possible_biometric_feature_from_active_eye_context;functionality_possible_biometrics_hits_2","C:\realDesktop\manifest-evaluations\summer-26\ghidra-pipeline\il2cpp-files\TruckParkingSimulatorVRDemo\general-structure-results\90_plus_possible_eye_biometrics_near_certain\024887c8_UnityEngine.InputSystem.XR.XRHMD$$get_leftEyePosition.c"
"UnityEngine.InputSystem.XR.XRHMD$$set_leftEyePosition","024887d0","152","90_plus_possible_eye_biometrics_near_certain","yes","possible_eye_biometrics","framework_or_engine_namespace","possible_biometrics","eye_source;validity_gate;pose_vector;paired_state_refs;active_gaze_retrieval;possible_biometrics","strong_eye_source_hits_2;validity_or_gating_hits_21;strong_pose_or_ray_construction_hits_2;paired_field_refs_with_eye_source;active_gaze_state_retrieval_with_validity_and_pose;possible_biometric_feature_from_active_eye_context;functionality_possible_biometrics_hits_2","C:\realDesktop\manifest-evaluations\summer-26\ghidra-pipeline\il2cpp-files\TruckParkingSimulatorVRDemo\general-structure-results\90_plus_possible_eye_biometrics_near_certain\024887d0_UnityEngine.InputSystem.XR.XRHMD$$set_leftEyePosition.c"
"UnityEngine.InputSystem.XR.XRHMD$$get_leftEyeRotation","024887d8","152","90_plus_possible_eye_biometrics_near_certain","yes","possible_eye_biometrics","framework_or_engine_namespace","possible_biometrics","eye_source;validity_gate;pose_vector;paired_state_refs;active_gaze_retrieval;possible_biometrics","strong_eye_source_hits_2;validity_or_gating_hits_21;strong_pose_or_ray_construction_hits_2;paired_field_refs_with_eye_source;active_gaze_state_retrieval_with_validity_and_pose;possible_biometric_feature_from_active_eye_context;functionality_possible_biometrics_hits_2","C:\realDesktop\manifest-evaluations\summer-26\ghidra-pipeline\il2cpp-files\TruckParkingSimulatorVRDemo\general-structure-results\90_plus_possible_eye_biometrics_near_certain\024887d8_UnityEngine.InputSystem.XR.XRHMD$$get_leftEyeRotation.c"
"UnityEngine.InputSystem.XR.XRHMD$$set_leftEyeRotation","024887e0","152","90_plus_possible_eye_biometrics_near_certain","yes","possible_eye_biometrics","framework_or_engine_namespace","possible_biometrics","eye_source;validity_gate;pose_vector;paired_state_refs;active_gaze_retrieval;possible_biometrics","strong_eye_source_hits_2;validity_or_gating_hits_21;strong_pose_or_ray_construction_hits_2;paired_field_refs_with_eye_source;active_gaze_state_retrieval_with_validity_and_pose;possible_biometric_feature_from_active_eye_context;functionality_possible_biometrics_hits_2","C:\realDesktop\manifest-evaluations\summer-26\ghidra-pipeline\il2cpp-files\TruckParkingSimulatorVRDemo\general-structure-results\90_plus_possible_eye_biometrics_near_certain\024887e0_UnityEngine.InputSystem.XR.XRHMD$$set_leftEyeRotation.c"
"UnityEngine.InputSystem.XR.XRHMD$$get_rightEyePosition","024887e8","152","90_plus_possible_eye_biometrics_near_certain","yes","possible_eye_biometrics","framework_or_engine_namespace","possible_biometrics","eye_source;validity_gate;pose_vector;paired_state_refs;active_gaze_retrieval;possible_biometrics","strong_eye_source_hits_2;validity_or_gating_hits_21;strong_pose_or_ray_construction_hits_2;paired_field_refs_with_eye_source;active_gaze_state_retrieval_with_validity_and_pose;possible_biometric_feature_from_active_eye_context;functionality_possible_biometrics_hits_2","C:\realDesktop\manifest-evaluations\summer-26\ghidra-pipeline\il2cpp-files\TruckParkingSimulatorVRDemo\general-structure-results\90_plus_possible_eye_biometrics_near_certain\024887e8_UnityEngine.InputSystem.XR.XRHMD$$get_rightEyePosition.c"
"UnityEngine.InputSystem.XR.XRHMD$$set_rightEyePosition","024887f0","152","90_plus_possible_eye_biometrics_near_certain","yes","possible_eye_biometrics","framework_or_engine_namespace","possible_biometrics","eye_source;validity_gate;pose_vector;paired_state_refs;active_gaze_retrieval;possible_biometrics","strong_eye_source_hits_2;validity_or_gating_hits_21;strong_pose_or_ray_construction_hits_2;paired_field_refs_with_eye_source;active_gaze_state_retrieval_with_validity_and_pose;possible_biometric_feature_from_active_eye_context;functionality_possible_biometrics_hits_2","C:\realDesktop\manifest-evaluations\summer-26\ghidra-pipeline\il2cpp-files\TruckParkingSimulatorVRDemo\general-structure-results\90_plus_possible_eye_biometrics_near_certain\024887f0_UnityEngine.InputSystem.XR.XRHMD$$set_rightEyePosition.c"
"UnityEngine.InputSystem.XR.XRHMD$$get_rightEyeRotation","024887f8","152","90_plus_possible_eye_biometrics_near_certain","yes","possible_eye_biometrics","framework_or_engine_namespace","possible_biometrics","eye_source;validity_gate;pose_vector;paired_state_refs;active_gaze_retrieval;possible_biometrics","strong_eye_source_hits_2;validity_or_gating_hits_21;strong_pose_or_ray_construction_hits_2;paired_field_refs_with_eye_source;active_gaze_state_retrieval_with_validity_and_pose;possible_biometric_feature_from_active_eye_context;functionality_possible_biometrics_hits_2","C:\realDesktop\manifest-evaluations\summer-26\ghidra-pipeline\il2cpp-files\TruckParkingSimulatorVRDemo\general-structure-results\90_plus_possible_eye_biometrics_near_certain\024887f8_UnityEngine.InputSystem.XR.XRHMD$$get_rightEyeRotation.c"
"UnityEngine.InputSystem.XR.XRHMD$$set_rightEyeRotation","02488800","152","90_plus_possible_eye_biometrics_near_certain","yes","possible_eye_biometrics","framework_or_engine_namespace","possible_biometrics","eye_source;validity_gate;pose_vector;paired_state_refs;active_gaze_retrieval;possible_biometrics","strong_eye_source_hits_2;validity_or_gating_hits_21;strong_pose_or_ray_construction_hits_2;paired_field_refs_with_eye_source;active_gaze_state_retrieval_with_validity_and_pose;possible_biometric_feature_from_active_eye_context;functionality_possible_biometrics_hits_2","C:\realDesktop\manifest-evaluations\summer-26\ghidra-pipeline\il2cpp-files\TruckParkingSimulatorVRDemo\general-structure-results\90_plus_possible_eye_biometrics_near_certain\02488800_UnityEngine.InputSystem.XR.XRHMD$$set_rightEyeRotation.c"
"UnityEngine.InputSystem.XR.Eyes$$get_leftEyePosition","0248ba78","140","90_plus_possible_eye_biometrics_near_certain","yes","possible_eye_biometrics","framework_or_engine_namespace","possible_biometrics","eye_source;validity_gate;pose_vector;active_gaze_retrieval;possible_biometrics","strong_eye_source_hits_2;validity_or_gating_hits_6;strong_pose_or_ray_construction_hits_2;active_gaze_state_retrieval_with_validity_and_pose;possible_biometric_feature_from_active_eye_context;functionality_possible_biometrics_hits_2","C:\realDesktop\manifest-evaluations\summer-26\ghidra-pipeline\il2cpp-files\TruckParkingSimulatorVRDemo\general-structure-results\90_plus_possible_eye_biometrics_near_certain\0248ba78_UnityEngine.InputSystem.XR.Eyes$$get_leftEyePosition.c"
"UnityEngine.InputSystem.XR.Eyes$$set_leftEyePosition","0248ba84","140","90_plus_possible_eye_biometrics_near_certain","yes","possible_eye_biometrics","framework_or_engine_namespace","possible_biometrics","eye_source;validity_gate;pose_vector;active_gaze_retrieval;possible_biometrics","strong_eye_source_hits_2;validity_or_gating_hits_6;strong_pose_or_ray_construction_hits_2;active_gaze_state_retrieval_with_validity_and_pose;possible_biometric_feature_from_active_eye_context;functionality_possible_biometrics_hits_2","C:\realDesktop\manifest-evaluations\summer-26\ghidra-pipeline\il2cpp-files\TruckParkingSimulatorVRDemo\general-structure-results\90_plus_possible_eye_biometrics_near_certain\0248ba84_UnityEngine.InputSystem.XR.Eyes$$set_leftEyePosition.c"
"UnityEngine.InputSystem.XR.Eyes$$get_leftEyeRotation","0248ba90","140","90_plus_possible_eye_biometrics_near_certain","yes","possible_eye_biometrics","framework_or_engine_namespace","possible_biometrics","eye_source;validity_gate;pose_vector;active_gaze_retrieval;possible_biometrics","strong_eye_source_hits_2;validity_or_gating_hits_6;strong_pose_or_ray_construction_hits_2;active_gaze_state_retrieval_with_validity_and_pose;possible_biometric_feature_from_active_eye_context;functionality_possible_biometrics_hits_2","C:\realDesktop\manifest-evaluations\summer-26\ghidra-pipeline\il2cpp-files\TruckParkingSimulatorVRDemo\general-structure-results\90_plus_possible_eye_biometrics_near_certain\0248ba90_UnityEngine.InputSystem.XR.Eyes$$get_leftEyeRotation.c"
"UnityEngine.InputSystem.XR.Eyes$$set_leftEyeRotation","0248ba9c","140","90_plus_possible_eye_biometrics_near_certain","yes","possible_eye_biometrics","framework_or_engine_namespace","possible_biometrics","eye_source;validity_gate;pose_vector;active_gaze_retrieval;possible_biometrics","strong_eye_source_hits_2;validity_or_gating_hits_6;strong_pose_or_ray_construction_hits_2;active_gaze_state_retrieval_with_validity_and_pose;possible_biometric_feature_from_active_eye_context;functionality_possible_biometrics_hits_2","C:\realDesktop\manifest-evaluations\summer-26\ghidra-pipeline\il2cpp-files\TruckParkingSimulatorVRDemo\general-structure-results\90_plus_possible_eye_biometrics_near_certain\0248ba9c_UnityEngine.InputSystem.XR.Eyes$$set_leftEyeRotation.c"
"UnityEngine.InputSystem.XR.Eyes$$get_rightEyePosition","0248baa8","140","90_plus_possible_eye_biometrics_near_certain","yes","possible_eye_biometrics","framework_or_engine_namespace","possible_biometrics","eye_source;validity_gate;pose_vector;active_gaze_retrieval;possible_biometrics","strong_eye_source_hits_2;validity_or_gating_hits_6;strong_pose_or_ray_construction_hits_2;active_gaze_state_retrieval_with_validity_and_pose;possible_biometric_feature_from_active_eye_context;functionality_possible_biometrics_hits_2","C:\realDesktop\manifest-evaluations\summer-26\ghidra-pipeline\il2cpp-files\TruckParkingSimulatorVRDemo\general-structure-results\90_plus_possible_eye_biometrics_near_certain\0248baa8_UnityEngine.InputSystem.XR.Eyes$$get_rightEyePosition.c"
"UnityEngine.InputSystem.XR.Eyes$$set_rightEyePosition","0248bab4","140","90_plus_possible_eye_biometrics_near_certain","yes","possible_eye_biometrics","framework_or_engine_namespace","possible_biometrics","eye_source;validity_gate;pose_vector;active_gaze_retrieval;possible_biometrics","strong_eye_source_hits_2;validity_or_gating_hits_6;strong_pose_or_ray_construction_hits_2;active_gaze_state_retrieval_with_validity_and_pose;possible_biometric_feature_from_active_eye_context;functionality_possible_biometrics_hits_2","C:\realDesktop\manifest-evaluations\summer-26\ghidra-pipeline\il2cpp-files\TruckParkingSimulatorVRDemo\general-structure-results\90_plus_possible_eye_biometrics_near_certain\0248bab4_UnityEngine.InputSystem.XR.Eyes$$set_rightEyePosition.c"
"UnityEngine.InputSystem.XR.Eyes$$get_rightEyeRotation","0248bac0","140","90_plus_possible_eye_biometrics_near_certain","yes","possible_eye_biometrics","framework_or_engine_namespace","possible_biometrics","eye_source;validity_gate;pose_vector;active_gaze_retrieval;possible_biometrics","strong_eye_source_hits_2;validity_or_gating_hits_6;strong_pose_or_ray_construction_hits_2;active_gaze_state_retrieval_with_validity_and_pose;possible_biometric_feature_from_active_eye_context;functionality_possible_biometrics_hits_2","C:\realDesktop\manifest-evaluations\summer-26\ghidra-pipeline\il2cpp-files\TruckParkingSimulatorVRDemo\general-structure-results\90_plus_possible_eye_biometrics_near_certain\0248bac0_UnityEngine.InputSystem.XR.Eyes$$get_rightEyeRotation.c"
"UnityEngine.InputSystem.XR.Eyes$$set_rightEyeRotation","0248bacc","140","90_plus_possible_eye_biometrics_near_certain","yes","possible_eye_biometrics","framework_or_engine_namespace","possible_biometrics","eye_source;validity_gate;pose_vector;active_gaze_retrieval;possible_biometrics","strong_eye_source_hits_2;validity_or_gating_hits_6;strong_pose_or_ray_construction_hits_2;active_gaze_state_retrieval_with_validity_and_pose;possible_biometric_feature_from_active_eye_context;functionality_possible_biometrics_hits_2","C:\realDesktop\manifest-evaluations\summer-26\ghidra-pipeline\il2cpp-files\TruckParkingSimulatorVRDemo\general-structure-results\90_plus_possible_eye_biometrics_near_certain\0248bacc_UnityEngine.InputSystem.XR.Eyes$$set_rightEyeRotation.c"
"UnityEngine.InputSystem.XR.EyesControl$$get_leftEyePosition","0248be10","131","90_plus_possible_eye_biometrics_near_certain","yes","possible_eye_biometrics","framework_or_engine_namespace","possible_biometrics","eye_source;validity_gate;pose_vector;active_gaze_retrieval;possible_biometrics","strong_eye_source_hits_2;validity_or_gating_hits_1;strong_pose_or_ray_construction_hits_2;active_gaze_state_retrieval_with_validity_and_pose;possible_biometric_feature_from_active_eye_context;functionality_possible_biometrics_hits_2","C:\realDesktop\manifest-evaluations\summer-26\ghidra-pipeline\il2cpp-files\TruckParkingSimulatorVRDemo\general-structure-results\90_plus_possible_eye_biometrics_near_certain\0248be10_UnityEngine.InputSystem.XR.EyesControl$$get_leftEyePosition.c"
"UnityEngine.InputSystem.XR.EyesControl$$set_leftEyePosition","0248be18","131","90_plus_possible_eye_biometrics_near_certain","yes","possible_eye_biometrics","framework_or_engine_namespace","possible_biometrics","eye_source;validity_gate;pose_vector;active_gaze_retrieval;possible_biometrics","strong_eye_source_hits_2;validity_or_gating_hits_1;strong_pose_or_ray_construction_hits_2;active_gaze_state_retrieval_with_validity_and_pose;possible_biometric_feature_from_active_eye_context;functionality_possible_biometrics_hits_2","C:\realDesktop\manifest-evaluations\summer-26\ghidra-pipeline\il2cpp-files\TruckParkingSimulatorVRDemo\general-structure-results\90_plus_possible_eye_biometrics_near_certain\0248be18_UnityEngine.InputSystem.XR.EyesControl$$set_leftEyePosition.c"
"UnityEngine.InputSystem.XR.EyesControl$$get_leftEyeRotation","0248be20","131","90_plus_possible_eye_biometrics_near_certain","yes","possible_eye_biometrics","framework_or_engine_namespace","possible_biometrics","eye_source;validity_gate;pose_vector;active_gaze_retrieval;possible_biometrics","strong_eye_source_hits_2;validity_or_gating_hits_1;strong_pose_or_ray_construction_hits_2;active_gaze_state_retrieval_with_validity_and_pose;possible_biometric_feature_from_active_eye_context;functionality_possible_biometrics_hits_2","C:\realDesktop\manifest-evaluations\summer-26\ghidra-pipeline\il2cpp-files\TruckParkingSimulatorVRDemo\general-structure-results\90_plus_possible_eye_biometrics_near_certain\0248be20_UnityEngine.InputSystem.XR.EyesControl$$get_leftEyeRotation.c"
"UnityEngine.InputSystem.XR.EyesControl$$set_leftEyeRotation","0248be28","131","90_plus_possible_eye_biometrics_near_certain","yes","possible_eye_biometrics","framework_or_engine_namespace","possible_biometrics","eye_source;validity_gate;pose_vector;active_gaze_retrieval;possible_biometrics","strong_eye_source_hits_2;validity_or_gating_hits_1;strong_pose_or_ray_construction_hits_2;active_gaze_state_retrieval_with_validity_and_pose;possible_biometric_feature_from_active_eye_context;functionality_possible_biometrics_hits_2","C:\realDesktop\manifest-evaluations\summer-26\ghidra-pipeline\il2cpp-files\TruckParkingSimulatorVRDemo\general-structure-results\90_plus_possible_eye_biometrics_near_certain\0248be28_UnityEngine.InputSystem.XR.EyesControl$$set_leftEyeRotation.c"
"UnityEngine.InputSystem.XR.EyesControl$$get_rightEyePosition","0248be30","131","90_plus_possible_eye_biometrics_near_certain","yes","possible_eye_biometrics","framework_or_engine_namespace","possible_biometrics","eye_source;validity_gate;pose_vector;active_gaze_retrieval;possible_biometrics","strong_eye_source_hits_2;validity_or_gating_hits_1;strong_pose_or_ray_construction_hits_2;active_gaze_state_retrieval_with_validity_and_pose;possible_biometric_feature_from_active_eye_context;functionality_possible_biometrics_hits_2","C:\realDesktop\manifest-evaluations\summer-26\ghidra-pipeline\il2cpp-files\TruckParkingSimulatorVRDemo\general-structure-results\90_plus_possible_eye_biometrics_near_certain\0248be30_UnityEngine.InputSystem.XR.EyesControl$$get_rightEyePosition.c"
"UnityEngine.InputSystem.XR.EyesControl$$set_rightEyePosition","0248be38","131","90_plus_possible_eye_biometrics_near_certain","yes","possible_eye_biometrics","framework_or_engine_namespace","possible_biometrics","eye_source;validity_gate;pose_vector;active_gaze_retrieval;possible_biometrics","strong_eye_source_hits_2;validity_or_gating_hits_1;strong_pose_or_ray_construction_hits_2;active_gaze_state_retrieval_with_validity_and_pose;possible_biometric_feature_from_active_eye_context;functionality_possible_biometrics_hits_2","C:\realDesktop\manifest-evaluations\summer-26\ghidra-pipeline\il2cpp-files\TruckParkingSimulatorVRDemo\general-structure-results\90_plus_possible_eye_biometrics_near_certain\0248be38_UnityEngine.InputSystem.XR.EyesControl$$set_rightEyePosition.c"
"UnityEngine.InputSystem.XR.EyesControl$$get_rightEyeRotation","0248be40","131","90_plus_possible_eye_biometrics_near_certain","yes","possible_eye_biometrics","framework_or_engine_namespace","possible_biometrics","eye_source;validity_gate;pose_vector;active_gaze_retrieval;possible_biometrics","strong_eye_source_hits_2;validity_or_gating_hits_1;strong_pose_or_ray_construction_hits_2;active_gaze_state_retrieval_with_validity_and_pose;possible_biometric_feature_from_active_eye_context;functionality_possible_biometrics_hits_2","C:\realDesktop\manifest-evaluations\summer-26\ghidra-pipeline\il2cpp-files\TruckParkingSimulatorVRDemo\general-structure-results\90_plus_possible_eye_biometrics_near_certain\0248be40_UnityEngine.InputSystem.XR.EyesControl$$get_rightEyeRotation.c"
"UnityEngine.InputSystem.XR.EyesControl$$set_rightEyeRotation","0248be48","131","90_plus_possible_eye_biometrics_near_certain","yes","possible_eye_biometrics","framework_or_engine_namespace","possible_biometrics","eye_source;validity_gate;pose_vector;active_gaze_retrieval;possible_biometrics","strong_eye_source_hits_2;validity_or_gating_hits_1;strong_pose_or_ray_construction_hits_2;active_gaze_state_retrieval_with_validity_and_pose;possible_biometric_feature_from_active_eye_context;functionality_possible_biometrics_hits_2","C:\realDesktop\manifest-evaluations\summer-26\ghidra-pipeline\il2cpp-files\TruckParkingSimulatorVRDemo\general-structure-results\90_plus_possible_eye_biometrics_near_certain\0248be48_UnityEngine.InputSystem.XR.EyesControl$$set_rightEyeRotation.c"
"UnityEngine.XR.Interaction.Toolkit.Inputs.XRInputTrackingAggregator$$GetEyeGazeStatus","025c7f84","75","70_high_framework_eye_tracking_support_or_permission_path_high","uncertain","framework_eye_tracking_support_or_permission_path","framework_or_engine_namespace","gaze_retrieval;attempted_eye_tracking_use","eye_source;weak_source_state;validity_gate;attempted_use","strong_eye_source_hits_4;weak_xr_or_state_hits_2;validity_or_gating_hits_2;attempted_eye_tracking_permission_or_feature_enable;negative_framework_support_context_without_confirmed_app_level_gaze_flow;functionality_gaze_retrieval_or_extraction","C:\realDesktop\manifest-evaluations\summer-26\ghidra-pipeline\il2cpp-files\TruckParkingSimulatorVRDemo\general-structure-results\70_high_framework_eye_tracking_support_or_permission_path_high\025c7f84_UnityEngine.XR.Interaction.Toolkit.Inputs.XRInputTrackingAggregator$$GetEyeGazeStatus.c"
"Unity.XR.Oculus.NativeMethods$$SetEyeTrackedFoveatedRenderingEnabled","025e6b48","109","90_plus_framework_foveated_rendering_support_or_attempt_near_certain","uncertain","framework_foveated_rendering_support_or_attempt","framework_or_engine_namespace","foveated_rendering;attempted_eye_tracked_foveated_rendering","eye_source;weak_source_state;foveation_rendering;attempted_use;dynamic_foveation_possible","strong_eye_source_hits_4;weak_xr_or_state_hits_2;strong_foveation_hits_2;attempted_eye_tracking_permission_or_feature_enable;attempted_eye_tracking_with_foveated_rendering_path;negative_framework_support_context_without_confirmed_app_level_gaze_flow;framework_foveation_support_not_confirmed_dynamic_eye_tracking;functionality_foveated_rendering","C:\realDesktop\manifest-evaluations\summer-26\ghidra-pipeline\il2cpp-files\TruckParkingSimulatorVRDemo\general-structure-results\90_plus_framework_foveated_rendering_support_or_attempt_near_certain\025e6b48_Unity.XR.Oculus.NativeMethods$$SetEyeTrackedFoveatedRenderingEnabled.c"
"Unity.XR.Oculus.Utils$$get_eyeTrackedFoveatedRenderingSupported","025e6d1c","109","90_plus_framework_foveated_rendering_support_or_attempt_near_certain","uncertain","framework_foveated_rendering_support_or_attempt","framework_or_engine_namespace","foveated_rendering;attempted_eye_tracked_foveated_rendering","eye_source;weak_source_state;foveation_rendering;attempted_use;dynamic_foveation_possible","strong_eye_source_hits_4;weak_xr_or_state_hits_2;strong_foveation_hits_2;attempted_eye_tracking_permission_or_feature_enable;attempted_eye_tracking_with_foveated_rendering_path;negative_framework_support_context_without_confirmed_app_level_gaze_flow;framework_foveation_support_not_confirmed_dynamic_eye_tracking;functionality_foveated_rendering","C:\realDesktop\manifest-evaluations\summer-26\ghidra-pipeline\il2cpp-files\TruckParkingSimulatorVRDemo\general-structure-results\90_plus_framework_foveated_rendering_support_or_attempt_near_certain\025e6d1c_Unity.XR.Oculus.Utils$$get_eyeTrackedFoveatedRenderingSupported.c"
"Unity.XR.Oculus.NativeMethods$$GetEyeTrackedFoveatedRenderingSupported","025e6d20","109","90_plus_framework_foveated_rendering_support_or_attempt_near_certain","uncertain","framework_foveated_rendering_support_or_attempt","framework_or_engine_namespace","foveated_rendering;attempted_eye_tracked_foveated_rendering","eye_source;weak_source_state;foveation_rendering;attempted_use;dynamic_foveation_possible","strong_eye_source_hits_4;weak_xr_or_state_hits_2;strong_foveation_hits_2;attempted_eye_tracking_permission_or_feature_enable;attempted_eye_tracking_with_foveated_rendering_path;negative_framework_support_context_without_confirmed_app_level_gaze_flow;framework_foveation_support_not_confirmed_dynamic_eye_tracking;functionality_foveated_rendering","C:\realDesktop\manifest-evaluations\summer-26\ghidra-pipeline\il2cpp-files\TruckParkingSimulatorVRDemo\general-structure-results\90_plus_framework_foveated_rendering_support_or_attempt_near_certain\025e6d20_Unity.XR.Oculus.NativeMethods$$GetEyeTrackedFoveatedRenderingSupported.c"
"Unity.XR.Oculus.Utils$$get_eyeTrackedFoveatedRenderingEnabled","025e6d24","111","90_plus_framework_foveated_rendering_support_or_attempt_near_certain","uncertain","framework_foveated_rendering_support_or_attempt","framework_or_engine_namespace","foveated_rendering;attempted_eye_tracked_foveated_rendering","eye_source;weak_source_state;foveation_rendering;attempted_use;dynamic_foveation_possible","strong_eye_source_hits_4;weak_xr_or_state_hits_4;strong_foveation_hits_2;attempted_eye_tracking_permission_or_feature_enable;attempted_eye_tracking_with_foveated_rendering_path;negative_framework_support_context_without_confirmed_app_level_gaze_flow;framework_foveation_support_not_confirmed_dynamic_eye_tracking;functionality_foveated_rendering","C:\realDesktop\manifest-evaluations\summer-26\ghidra-pipeline\il2cpp-files\TruckParkingSimulatorVRDemo\general-structure-results\90_plus_framework_foveated_rendering_support_or_attempt_near_certain\025e6d24_Unity.XR.Oculus.Utils$$get_eyeTrackedFoveatedRenderingEnabled.c"
"Unity.XR.Oculus.NativeMethods$$GetEyeTrackedFoveatedRenderingEnabled","025e6d44","111","90_plus_framework_foveated_rendering_support_or_attempt_near_certain","uncertain","framework_foveated_rendering_support_or_attempt","framework_or_engine_namespace","foveated_rendering;attempted_eye_tracked_foveated_rendering","eye_source;weak_source_state;foveation_rendering;attempted_use;dynamic_foveation_possible","strong_eye_source_hits_4;weak_xr_or_state_hits_4;strong_foveation_hits_2;attempted_eye_tracking_permission_or_feature_enable;attempted_eye_tracking_with_foveated_rendering_path;negative_framework_support_context_without_confirmed_app_level_gaze_flow;framework_foveation_support_not_confirmed_dynamic_eye_tracking;functionality_foveated_rendering","C:\realDesktop\manifest-evaluations\summer-26\ghidra-pipeline\il2cpp-files\TruckParkingSimulatorVRDemo\general-structure-results\90_plus_framework_foveated_rendering_support_or_attempt_near_certain\025e6d44_Unity.XR.Oculus.NativeMethods$$GetEyeTrackedFoveatedRenderingEnabled.c"
"Unity.XR.Oculus.Utils$$set_eyeTrackedFoveatedRenderingEnabled","025e6d48","109","90_plus_framework_foveated_rendering_support_or_attempt_near_certain","uncertain","framework_foveated_rendering_support_or_attempt","framework_or_engine_namespace","foveated_rendering;attempted_eye_tracked_foveated_rendering","eye_source;weak_source_state;foveation_rendering;attempted_use;dynamic_foveation_possible","strong_eye_source_hits_4;weak_xr_or_state_hits_2;strong_foveation_hits_2;attempted_eye_tracking_permission_or_feature_enable;attempted_eye_tracking_with_foveated_rendering_path;negative_framework_support_context_without_confirmed_app_level_gaze_flow;framework_foveation_support_not_confirmed_dynamic_eye_tracking;functionality_foveated_rendering","C:\realDesktop\manifest-evaluations\summer-26\ghidra-pipeline\il2cpp-files\TruckParkingSimulatorVRDemo\general-structure-results\90_plus_framework_foveated_rendering_support_or_attempt_near_certain\025e6d48_Unity.XR.Oculus.Utils$$set_eyeTrackedFoveatedRenderingEnabled.c"
"Unity.XR.Oculus.Utils$$GetFoveationLevel","025e6f68","71","70_high_framework_foveated_rendering_support_or_attempt_high","uncertain","framework_foveated_rendering_support_or_attempt","framework_or_engine_namespace","foveated_rendering;attempted_eye_tracked_foveated_rendering","validity_gate;foveation_rendering;keyword_support;attempted_use;dynamic_foveation_possible","validity_or_gating_hits_3;strong_foveation_hits_2;eye_or_gaze_keyword_boost_only;attempted_eye_tracking_permission_or_feature_enable;attempted_eye_tracking_with_foveated_rendering_path;negative_framework_support_context_without_confirmed_app_level_gaze_flow;framework_foveation_support_not_confirmed_dynamic_eye_tracking;functionality_foveated_rendering","C:\realDesktop\manifest-evaluations\summer-26\ghidra-pipeline\il2cpp-files\TruckParkingSimulatorVRDemo\general-structure-results\70_high_framework_foveated_rendering_support_or_attempt_high\025e6f68_Unity.XR.Oculus.Utils$$GetFoveationLevel.c"
"Unity.XR.Oculus.NativeMethods.Internal$$GetEyeTrackedFoveatedRenderingSupported","025ea7a0","149","90_plus_framework_foveated_rendering_support_or_attempt_near_certain","uncertain","framework_foveated_rendering_support_or_attempt","framework_or_engine_namespace","foveated_rendering;attempted_eye_tracked_foveated_rendering","eye_source;weak_source_state;validity_gate;paired_state_refs;foveation_rendering;frame_behavior;attempted_use;dynamic_foveation_possible","strong_eye_source_hits_4;weak_xr_or_state_hits_2;validity_or_gating_hits_21;paired_field_refs_with_eye_source;strong_foveation_hits_2;frame_or_lifecycle_behavior;attempted_eye_tracking_permission_or_feature_enable;attempted_eye_tracking_with_foveated_rendering_path;negative_framework_support_context_without_confirmed_app_level_gaze_flow;framework_foveation_support_not_confirmed_dynamic_eye_tracking;functionality_foveated_rendering","C:\realDesktop\manifest-evaluations\summer-26\ghidra-pipeline\il2cpp-files\TruckParkingSimulatorVRDemo\general-structure-results\90_plus_framework_foveated_rendering_support_or_attempt_near_certain\025ea7a0_Unity.XR.Oculus.NativeMethods.Internal$$GetEyeTrackedFoveatedRenderingSupported.c"
"Unity.XR.Oculus.NativeMethods.Internal$$GetEyeTrackedFoveatedRenderingEnabled","025ea810","151","90_plus_framework_foveated_rendering_support_or_attempt_near_certain","uncertain","framework_foveated_rendering_support_or_attempt","framework_or_engine_namespace","foveated_rendering;attempted_eye_tracked_foveated_rendering","eye_source;weak_source_state;validity_gate;paired_state_refs;foveation_rendering;frame_behavior;attempted_use;dynamic_foveation_possible","strong_eye_source_hits_4;weak_xr_or_state_hits_4;validity_or_gating_hits_21;paired_field_refs_with_eye_source;strong_foveation_hits_2;frame_or_lifecycle_behavior;attempted_eye_tracking_permission_or_feature_enable;attempted_eye_tracking_with_foveated_rendering_path;negative_framework_support_context_without_confirmed_app_level_gaze_flow;framework_foveation_support_not_confirmed_dynamic_eye_tracking;functionality_foveated_rendering","C:\realDesktop\manifest-evaluations\summer-26\ghidra-pipeline\il2cpp-files\TruckParkingSimulatorVRDemo\general-structure-results\90_plus_framework_foveated_rendering_support_or_attempt_near_certain\025ea810_Unity.XR.Oculus.NativeMethods.Internal$$GetEyeTrackedFoveatedRenderingEnabled.c"
"Unity.XR.Oculus.NativeMethods.Internal$$SetEyeTrackedFoveatedRenderingEnabled","025ea880","149","90_plus_framework_foveated_rendering_support_or_attempt_near_certain","uncertain","framework_foveated_rendering_support_or_attempt","framework_or_engine_namespace","foveated_rendering;attempted_eye_tracked_foveated_rendering","eye_source;weak_source_state;validity_gate;paired_state_refs;foveation_rendering;frame_behavior;attempted_use;dynamic_foveation_possible","strong_eye_source_hits_4;weak_xr_or_state_hits_2;validity_or_gating_hits_21;paired_field_refs_with_eye_source;strong_foveation_hits_2;frame_or_lifecycle_behavior;attempted_eye_tracking_permission_or_feature_enable;attempted_eye_tracking_with_foveated_rendering_path;negative_framework_support_context_without_confirmed_app_level_gaze_flow;framework_foveation_support_not_confirmed_dynamic_eye_tracking;functionality_foveated_rendering","C:\realDesktop\manifest-evaluations\summer-26\ghidra-pipeline\il2cpp-files\TruckParkingSimulatorVRDemo\general-structure-results\90_plus_framework_foveated_rendering_support_or_attempt_near_certain\025ea880_Unity.XR.Oculus.NativeMethods.Internal$$SetEyeTrackedFoveatedRenderingEnabled.c"
"Unity.XR.Oculus.Input.OculusHMD$$get_leftEyePosition","025ebb08","140","90_plus_possible_eye_biometrics_near_certain","yes","possible_eye_biometrics","framework_or_engine_namespace","possible_biometrics","eye_source;validity_gate;pose_vector;active_gaze_retrieval;possible_biometrics","strong_eye_source_hits_2;validity_or_gating_hits_21;strong_pose_or_ray_construction_hits_2;active_gaze_state_retrieval_with_validity_and_pose;possible_biometric_feature_from_active_eye_context;functionality_possible_biometrics_hits_2","C:\realDesktop\manifest-evaluations\summer-26\ghidra-pipeline\il2cpp-files\TruckParkingSimulatorVRDemo\general-structure-results\90_plus_possible_eye_biometrics_near_certain\025ebb08_Unity.XR.Oculus.Input.OculusHMD$$get_leftEyePosition.c"
"Unity.XR.Oculus.Input.OculusHMD$$set_leftEyePosition","025ebb10","140","90_plus_possible_eye_biometrics_near_certain","yes","possible_eye_biometrics","framework_or_engine_namespace","possible_biometrics","eye_source;validity_gate;pose_vector;active_gaze_retrieval;possible_biometrics","strong_eye_source_hits_2;validity_or_gating_hits_21;strong_pose_or_ray_construction_hits_2;active_gaze_state_retrieval_with_validity_and_pose;possible_biometric_feature_from_active_eye_context;functionality_possible_biometrics_hits_2","C:\realDesktop\manifest-evaluations\summer-26\ghidra-pipeline\il2cpp-files\TruckParkingSimulatorVRDemo\general-structure-results\90_plus_possible_eye_biometrics_near_certain\025ebb10_Unity.XR.Oculus.Input.OculusHMD$$set_leftEyePosition.c"
"Unity.XR.Oculus.Input.OculusHMD$$get_leftEyeRotation","025ebb18","140","90_plus_possible_eye_biometrics_near_certain","yes","possible_eye_biometrics","framework_or_engine_namespace","possible_biometrics","eye_source;validity_gate;pose_vector;active_gaze_retrieval;possible_biometrics","strong_eye_source_hits_2;validity_or_gating_hits_21;strong_pose_or_ray_construction_hits_2;active_gaze_state_retrieval_with_validity_and_pose;possible_biometric_feature_from_active_eye_context;functionality_possible_biometrics_hits_2","C:\realDesktop\manifest-evaluations\summer-26\ghidra-pipeline\il2cpp-files\TruckParkingSimulatorVRDemo\general-structure-results\90_plus_possible_eye_biometrics_near_certain\025ebb18_Unity.XR.Oculus.Input.OculusHMD$$get_leftEyeRotation.c"
"Unity.XR.Oculus.Input.OculusHMD$$set_leftEyeRotation","025ebb20","140","90_plus_possible_eye_biometrics_near_certain","yes","possible_eye_biometrics","framework_or_engine_namespace","possible_biometrics","eye_source;validity_gate;pose_vector;active_gaze_retrieval;possible_biometrics","strong_eye_source_hits_2;validity_or_gating_hits_21;strong_pose_or_ray_construction_hits_2;active_gaze_state_retrieval_with_validity_and_pose;possible_biometric_feature_from_active_eye_context;functionality_possible_biometrics_hits_2","C:\realDesktop\manifest-evaluations\summer-26\ghidra-pipeline\il2cpp-files\TruckParkingSimulatorVRDemo\general-structure-results\90_plus_possible_eye_biometrics_near_certain\025ebb20_Unity.XR.Oculus.Input.OculusHMD$$set_leftEyeRotation.c"
"Unity.XR.Oculus.Input.OculusHMD$$get_rightEyePosition","025ebb58","140","90_plus_possible_eye_biometrics_near_certain","yes","possible_eye_biometrics","framework_or_engine_namespace","possible_biometrics","eye_source;validity_gate;pose_vector;active_gaze_retrieval;possible_biometrics","strong_eye_source_hits_2;validity_or_gating_hits_21;strong_pose_or_ray_construction_hits_2;active_gaze_state_retrieval_with_validity_and_pose;possible_biometric_feature_from_active_eye_context;functionality_possible_biometrics_hits_2","C:\realDesktop\manifest-evaluations\summer-26\ghidra-pipeline\il2cpp-files\TruckParkingSimulatorVRDemo\general-structure-results\90_plus_possible_eye_biometrics_near_certain\025ebb58_Unity.XR.Oculus.Input.OculusHMD$$get_rightEyePosition.c"
"Unity.XR.Oculus.Input.OculusHMD$$set_rightEyePosition","025ebb60","140","90_plus_possible_eye_biometrics_near_certain","yes","possible_eye_biometrics","framework_or_engine_namespace","possible_biometrics","eye_source;validity_gate;pose_vector;active_gaze_retrieval;possible_biometrics","strong_eye_source_hits_2;validity_or_gating_hits_21;strong_pose_or_ray_construction_hits_2;active_gaze_state_retrieval_with_validity_and_pose;possible_biometric_feature_from_active_eye_context;functionality_possible_biometrics_hits_2","C:\realDesktop\manifest-evaluations\summer-26\ghidra-pipeline\il2cpp-files\TruckParkingSimulatorVRDemo\general-structure-results\90_plus_possible_eye_biometrics_near_certain\025ebb60_Unity.XR.Oculus.Input.OculusHMD$$set_rightEyePosition.c"
"Unity.XR.Oculus.Input.OculusHMD$$get_rightEyeRotation","025ebb68","140","90_plus_possible_eye_biometrics_near_certain","yes","possible_eye_biometrics","framework_or_engine_namespace","possible_biometrics","eye_source;validity_gate;pose_vector;active_gaze_retrieval;possible_biometrics","strong_eye_source_hits_2;validity_or_gating_hits_21;strong_pose_or_ray_construction_hits_2;active_gaze_state_retrieval_with_validity_and_pose;possible_biometric_feature_from_active_eye_context;functionality_possible_biometrics_hits_2","C:\realDesktop\manifest-evaluations\summer-26\ghidra-pipeline\il2cpp-files\TruckParkingSimulatorVRDemo\general-structure-results\90_plus_possible_eye_biometrics_near_certain\025ebb68_Unity.XR.Oculus.Input.OculusHMD$$get_rightEyeRotation.c"
"Unity.XR.Oculus.Input.OculusHMD$$set_rightEyeRotation","025ebb70","140","90_plus_possible_eye_biometrics_near_certain","yes","possible_eye_biometrics","framework_or_engine_namespace","possible_biometrics","eye_source;validity_gate;pose_vector;active_gaze_retrieval;possible_biometrics","strong_eye_source_hits_2;validity_or_gating_hits_21;strong_pose_or_ray_construction_hits_2;active_gaze_state_retrieval_with_validity_and_pose;possible_biometric_feature_from_active_eye_context;functionality_possible_biometrics_hits_2","C:\realDesktop\manifest-evaluations\summer-26\ghidra-pipeline\il2cpp-files\TruckParkingSimulatorVRDemo\general-structure-results\90_plus_possible_eye_biometrics_near_certain\025ebb70_Unity.XR.Oculus.Input.OculusHMD$$set_rightEyeRotation.c"
"UnityEngine.XR.OpenXR.Features.Interactions.EyeGazeInteraction$$OnInstanceCreate","025fc8e0","86","70_high_attempted_eye_tracking_permission_or_feature_high","yes","eye_tracking_attempted_permission_or_feature","framework_namespace_with_project_hint","gaze_retrieval;attempted_eye_tracking_use","eye_source;weak_source_state;validity_gate;attempted_use","strong_eye_source_hits_2;weak_xr_or_state_hits_2;validity_or_gating_hits_3;attempted_eye_tracking_permission_or_feature_enable;functionality_gaze_retrieval_or_extraction","C:\realDesktop\manifest-evaluations\summer-26\ghidra-pipeline\il2cpp-files\TruckParkingSimulatorVRDemo\general-structure-results\70_high_attempted_eye_tracking_permission_or_feature_high\025fc8e0_UnityEngine.XR.OpenXR.Features.Interactions.EyeGazeInteraction$$OnInstanceCreate.c"
"UnityEngine.XR.OpenXR.Features.Interactions.EyeGazeInteraction$$RegisterDeviceLayout","025fc948","86","70_high_attempted_eye_tracking_permission_or_feature_high","yes","eye_tracking_attempted_permission_or_feature","framework_namespace_with_project_hint","gaze_retrieval;attempted_eye_tracking_use","eye_source;weak_source_state;validity_gate;attempted_use","strong_eye_source_hits_2;weak_xr_or_state_hits_2;validity_or_gating_hits_3;attempted_eye_tracking_permission_or_feature_enable;functionality_gaze_retrieval_or_extraction","C:\realDesktop\manifest-evaluations\summer-26\ghidra-pipeline\il2cpp-files\TruckParkingSimulatorVRDemo\general-structure-results\70_high_attempted_eye_tracking_permission_or_feature_high\025fc948_UnityEngine.XR.OpenXR.Features.Interactions.EyeGazeInteraction$$RegisterDeviceLayout.c"
"UnityEngine.XR.OpenXR.Features.Interactions.EyeGazeInteraction$$GetDeviceLayoutName","025fcbc4","103","90_plus_attempted_eye_tracking_permission_or_feature_near_certain","yes","eye_tracking_attempted_permission_or_feature","framework_namespace_with_project_hint","gaze_retrieval;attempted_eye_tracking_use","eye_source;weak_source_state;validity_gate;paired_state_refs;attempted_use","strong_eye_source_hits_2;weak_xr_or_state_hits_21;validity_or_gating_hits_21;paired_field_refs_with_eye_source;attempted_eye_tracking_permission_or_feature_enable;functionality_gaze_retrieval_or_extraction","C:\realDesktop\manifest-evaluations\summer-26\ghidra-pipeline\il2cpp-files\TruckParkingSimulatorVRDemo\general-structure-results\90_plus_attempted_eye_tracking_permission_or_feature_near_certain\025fcbc4_UnityEngine.XR.OpenXR.Features.Interactions.EyeGazeInteraction$$GetDeviceLayoutName.c"
"UnityEngine.XR.OpenXR.Features.Interactions.EyeGazeInteraction$$RegisterActionMapsWithRuntime","025fcc04","103","90_plus_attempted_eye_tracking_permission_or_feature_near_certain","yes","eye_tracking_attempted_permission_or_feature","framework_namespace_with_project_hint","gaze_retrieval;attempted_eye_tracking_use","eye_source;weak_source_state;validity_gate;paired_state_refs;attempted_use","strong_eye_source_hits_2;weak_xr_or_state_hits_21;validity_or_gating_hits_21;paired_field_refs_with_eye_source;attempted_eye_tracking_permission_or_feature_enable;functionality_gaze_retrieval_or_extraction","C:\realDesktop\manifest-evaluations\summer-26\ghidra-pipeline\il2cpp-files\TruckParkingSimulatorVRDemo\general-structure-results\90_plus_attempted_eye_tracking_permission_or_feature_near_certain\025fcc04_UnityEngine.XR.OpenXR.Features.Interactions.EyeGazeInteraction$$RegisterActionMapsWithRuntime.c"
"UnityEngine.XR.OpenXR.Features.Interactions.EyeGazeInteraction$$.ctor","025fd118","103","90_plus_attempted_eye_tracking_permission_or_feature_near_certain","yes","eye_tracking_attempted_permission_or_feature","framework_namespace_with_project_hint","gaze_retrieval;attempted_eye_tracking_use","eye_source;weak_source_state;validity_gate;paired_state_refs;attempted_use","strong_eye_source_hits_2;weak_xr_or_state_hits_4;validity_or_gating_hits_21;paired_field_refs_with_eye_source;attempted_eye_tracking_permission_or_feature_enable;functionality_gaze_retrieval_or_extraction","C:\realDesktop\manifest-evaluations\summer-26\ghidra-pipeline\il2cpp-files\TruckParkingSimulatorVRDemo\general-structure-results\90_plus_attempted_eye_tracking_permission_or_feature_near_certain\025fd118_UnityEngine.XR.OpenXR.Features.Interactions.EyeGazeInteraction$$.ctor.c"
"UnityEngine.XR.OpenXR.Features.Interactions.EyeGazeInteraction.EyeGazeDevice$$get_pose","025fd170","135","90_plus_attempted_eye_tracking_permission_or_feature_near_certain","yes","eye_tracking_attempted_permission_or_feature","framework_namespace_with_project_hint","gaze_retrieval;attempted_eye_tracking_use","eye_source;weak_source_state;validity_gate;pose_vector;paired_state_refs;attempted_use","strong_eye_source_hits_4;weak_xr_or_state_hits_6;validity_or_gating_hits_21;strong_pose_or_ray_construction_hits_2;paired_field_refs_with_eye_source;attempted_eye_tracking_permission_or_feature_enable;functionality_gaze_retrieval_or_extraction","C:\realDesktop\manifest-evaluations\summer-26\ghidra-pipeline\il2cpp-files\TruckParkingSimulatorVRDemo\general-structure-results\90_plus_attempted_eye_tracking_permission_or_feature_near_certain\025fd170_UnityEngine.XR.OpenXR.Features.Interactions.EyeGazeInteraction.EyeGazeDevice$$get_pose.c"
"UnityEngine.XR.OpenXR.Features.Interactions.EyeGazeInteraction.EyeGazeDevice$$set_pose","025fd178","135","90_plus_attempted_eye_tracking_permission_or_feature_near_certain","yes","eye_tracking_attempted_permission_or_feature","framework_namespace_with_project_hint","gaze_retrieval;attempted_eye_tracking_use","eye_source;weak_source_state;validity_gate;pose_vector;paired_state_refs;attempted_use","strong_eye_source_hits_4;weak_xr_or_state_hits_7;validity_or_gating_hits_21;strong_pose_or_ray_construction_hits_2;paired_field_refs_with_eye_source;attempted_eye_tracking_permission_or_feature_enable;functionality_gaze_retrieval_or_extraction","C:\realDesktop\manifest-evaluations\summer-26\ghidra-pipeline\il2cpp-files\TruckParkingSimulatorVRDemo\general-structure-results\90_plus_attempted_eye_tracking_permission_or_feature_near_certain\025fd178_UnityEngine.XR.OpenXR.Features.Interactions.EyeGazeInteraction.EyeGazeDevice$$set_pose.c"
"UnityEngine.XR.OpenXR.Features.Interactions.EyeGazeInteraction.EyeGazeDevice$$FinishSetup","025fd180","115","90_plus_attempted_eye_tracking_permission_or_feature_near_certain","yes","eye_tracking_attempted_permission_or_feature","framework_namespace_with_project_hint","gaze_retrieval;attempted_eye_tracking_use","eye_source;weak_source_state;validity_gate;paired_state_refs;attempted_use","strong_eye_source_hits_4;weak_xr_or_state_hits_7;validity_or_gating_hits_21;paired_field_refs_with_eye_source;attempted_eye_tracking_permission_or_feature_enable;functionality_gaze_retrieval_or_extraction","C:\realDesktop\manifest-evaluations\summer-26\ghidra-pipeline\il2cpp-files\TruckParkingSimulatorVRDemo\general-structure-results\90_plus_attempted_eye_tracking_permission_or_feature_near_certain\025fd180_UnityEngine.XR.OpenXR.Features.Interactions.EyeGazeInteraction.EyeGazeDevice$$FinishSetup.c"
"UnityEngine.XR.OpenXR.Features.Interactions.EyeGazeInteraction.EyeGazeDevice$$.ctor","025fd1f8","113","90_plus_attempted_eye_tracking_permission_or_feature_near_certain","yes","eye_tracking_attempted_permission_or_feature","framework_namespace_with_project_hint","gaze_retrieval;attempted_eye_tracking_use","eye_source;weak_source_state;validity_gate;paired_state_refs;attempted_use","strong_eye_source_hits_4;weak_xr_or_state_hits_2;validity_or_gating_hits_18;paired_field_refs_with_eye_source;attempted_eye_tracking_permission_or_feature_enable;functionality_gaze_retrieval_or_extraction","C:\realDesktop\manifest-evaluations\summer-26\ghidra-pipeline\il2cpp-files\TruckParkingSimulatorVRDemo\general-structure-results\90_plus_attempted_eye_tracking_permission_or_feature_near_certain\025fd1f8_UnityEngine.XR.OpenXR.Features.Interactions.EyeGazeInteraction.EyeGazeDevice$$.ctor.c"
"thunk_FUN_026ea7a0","026e6d1c","110","90_plus_attempted_dynamic_eye_tracked_foveation_near_certain","yes","attempted_or_possible_dynamic_eye_tracked_foveation","app_or_custom_namespace","foveated_rendering;attempted_eye_tracked_foveated_rendering","eye_source;weak_source_state;foveation_rendering;attempted_use;dynamic_foveation_possible","strong_eye_source_hits_2;weak_xr_or_state_hits_1;strong_foveation_hits_1;attempted_eye_tracking_permission_or_feature_enable;attempted_eye_tracking_with_foveated_rendering_path;functionality_foveated_rendering","C:\realDesktop\manifest-evaluations\summer-26\ghidra-pipeline\il2cpp-files\TruckParkingSimulatorVRDemo\general-structure-results\90_plus_attempted_dynamic_eye_tracked_foveation_near_certain\026e6d1c_thunk_FUN_026ea7a0.c"
"thunk_FUN_026ea7a0","026e6d20","110","90_plus_attempted_dynamic_eye_tracked_foveation_near_certain","yes","attempted_or_possible_dynamic_eye_tracked_foveation","app_or_custom_namespace","foveated_rendering;attempted_eye_tracked_foveated_rendering","eye_source;weak_source_state;foveation_rendering;attempted_use;dynamic_foveation_possible","strong_eye_source_hits_2;weak_xr_or_state_hits_1;strong_foveation_hits_1;attempted_eye_tracking_permission_or_feature_enable;attempted_eye_tracking_with_foveated_rendering_path;functionality_foveated_rendering","C:\realDesktop\manifest-evaluations\summer-26\ghidra-pipeline\il2cpp-files\TruckParkingSimulatorVRDemo\general-structure-results\90_plus_attempted_dynamic_eye_tracked_foveation_near_certain\026e6d20_thunk_FUN_026ea7a0.c"
"thunk_FUN_026ea810","026e6d44","112","90_plus_attempted_dynamic_eye_tracked_foveation_near_certain","yes","attempted_or_possible_dynamic_eye_tracked_foveation","app_or_custom_namespace","foveated_rendering;attempted_eye_tracked_foveated_rendering","eye_source;weak_source_state;foveation_rendering;attempted_use;dynamic_foveation_possible","strong_eye_source_hits_2;weak_xr_or_state_hits_2;strong_foveation_hits_1;attempted_eye_tracking_permission_or_feature_enable;attempted_eye_tracking_with_foveated_rendering_path;functionality_foveated_rendering","C:\realDesktop\manifest-evaluations\summer-26\ghidra-pipeline\il2cpp-files\TruckParkingSimulatorVRDemo\general-structure-results\90_plus_attempted_dynamic_eye_tracked_foveation_near_certain\026e6d44_thunk_FUN_026ea810.c"
"FUN_026ea7a0","026ea7a0","110","90_plus_attempted_dynamic_eye_tracked_foveation_near_certain","yes","attempted_or_possible_dynamic_eye_tracked_foveation","app_or_custom_namespace","foveated_rendering;attempted_eye_tracked_foveated_rendering","eye_source;weak_source_state;foveation_rendering;attempted_use;dynamic_foveation_possible","strong_eye_source_hits_2;weak_xr_or_state_hits_1;strong_foveation_hits_1;attempted_eye_tracking_permission_or_feature_enable;attempted_eye_tracking_with_foveated_rendering_path;functionality_foveated_rendering","C:\realDesktop\manifest-evaluations\summer-26\ghidra-pipeline\il2cpp-files\TruckParkingSimulatorVRDemo\general-structure-results\90_plus_attempted_dynamic_eye_tracked_foveation_near_certain\026ea7a0_FUN_026ea7a0.c"
"FUN_026ea810","026ea810","112","90_plus_attempted_dynamic_eye_tracked_foveation_near_certain","yes","attempted_or_possible_dynamic_eye_tracked_foveation","app_or_custom_namespace","foveated_rendering;attempted_eye_tracked_foveated_rendering","eye_source;weak_source_state;foveation_rendering;attempted_use;dynamic_foveation_possible","strong_eye_source_hits_2;weak_xr_or_state_hits_2;strong_foveation_hits_1;attempted_eye_tracking_permission_or_feature_enable;attempted_eye_tracking_with_foveated_rendering_path;functionality_foveated_rendering","C:\realDesktop\manifest-evaluations\summer-26\ghidra-pipeline\il2cpp-files\TruckParkingSimulatorVRDemo\general-structure-results\90_plus_attempted_dynamic_eye_tracked_foveation_near_certain\026ea810_FUN_026ea810.c"
"UnityEngine.UI.GraphicRaycaster$$get_ignoreReversedGraphics","026ea828","112","90_plus_framework_foveated_rendering_support_or_attempt_near_certain","uncertain","framework_foveated_rendering_support_or_attempt","framework_or_engine_namespace","foveated_rendering;attempted_eye_tracked_foveated_rendering","eye_source;weak_source_state;ray_interaction;foveation_rendering;attempted_use;dynamic_foveation_possible","strong_eye_source_hits_2;weak_xr_or_state_hits_2;ray_or_cast_sink_hits_2;strong_foveation_hits_1;attempted_eye_tracking_permission_or_feature_enable;attempted_eye_tracking_with_foveated_rendering_path;negative_framework_support_context_without_confirmed_app_level_gaze_flow;framework_foveation_support_not_confirmed_dynamic_eye_tracking;functionality_foveated_rendering","C:\realDesktop\manifest-evaluations\summer-26\ghidra-pipeline\il2cpp-files\TruckParkingSimulatorVRDemo\general-structure-results\90_plus_framework_foveated_rendering_support_or_attempt_near_certain\026ea828_UnityEngine.UI.GraphicRaycaster$$get_ignoreReversedGraphics.c"
"UnityEngine.UI.GraphicRaycaster$$set_ignoreReversedGraphics","026ea830","112","90_plus_framework_foveated_rendering_support_or_attempt_near_certain","uncertain","framework_foveated_rendering_support_or_attempt","framework_or_engine_namespace","foveated_rendering;attempted_eye_tracked_foveated_rendering","eye_source;weak_source_state;ray_interaction;foveation_rendering;attempted_use;dynamic_foveation_possible","strong_eye_source_hits_2;weak_xr_or_state_hits_2;ray_or_cast_sink_hits_2;strong_foveation_hits_1;attempted_eye_tracking_permission_or_feature_enable;attempted_eye_tracking_with_foveated_rendering_path;negative_framework_support_context_without_confirmed_app_level_gaze_flow;framework_foveation_support_not_confirmed_dynamic_eye_tracking;functionality_foveated_rendering","C:\realDesktop\manifest-evaluations\summer-26\ghidra-pipeline\il2cpp-files\TruckParkingSimulatorVRDemo\general-structure-results\90_plus_framework_foveated_rendering_support_or_attempt_near_certain\026ea830_UnityEngine.UI.GraphicRaycaster$$set_ignoreReversedGraphics.c"
"FUN_026ea880","026ea880","110","90_plus_attempted_dynamic_eye_tracked_foveation_near_certain","yes","attempted_or_possible_dynamic_eye_tracked_foveation","app_or_custom_namespace","foveated_rendering;attempted_eye_tracked_foveated_rendering","eye_source;weak_source_state;foveation_rendering;attempted_use;dynamic_foveation_possible","strong_eye_source_hits_2;weak_xr_or_state_hits_1;strong_foveation_hits_1;attempted_eye_tracking_permission_or_feature_enable;attempted_eye_tracking_with_foveated_rendering_path;functionality_foveated_rendering","C:\realDesktop\manifest-evaluations\summer-26\ghidra-pipeline\il2cpp-files\TruckParkingSimulatorVRDemo\general-structure-results\90_plus_attempted_dynamic_eye_tracked_foveation_near_certain\026ea880_FUN_026ea880.c"
